id,participant_id
1,75159
2,13509
3,14538
4,97914
5,21788
6,78653
7,37399
8,24309
9,13088
10,53147
11,86243
12,52683
13,72211
14,10862
15,44959
16,86308
17,12290
18,14162
19,39175
20,29114
21,46996
22,67681
23,26072
24,76073
25,39821
26,75153
27,43742
28,94937
29,15640
30,29592
31,43938
32,13886
33,26567
34,38345
35,29750
36,56461
37,94116
38,20372
39,17756
40,98388
41,72583
42,33327
43,98556
44,24686
45,98053
46,92886
47,68157
48,94749
49,70675
50,25668
51,76553
52,24765
53,89441
54,67351
55,77191
56,23838
57,55390
58,40463
59,58344
60,66044
61,27710
62,18095
63,12404
64,92400
65,31008
66,15147
67,69140
68,11656
69,16124
70,77955
71,52274
72,43523
73,41686
74,42319
75,74051
76,36083
77,50759
78,23869
79,72638
80,29964
81,28877
82,89127
83,11664
84,25484
85,40151
86,22334
87,10841
88,63082
89,83616
90,80404
91,91971
92,63140
93,44031
94,89976
95,29029
96,97870
97,19593
98,81885
99,19192
100,14998
101,83913
102,39836
103,74074
104,46236
105,10363
106,61041
107,63031
108,67137
109,70797
110,55088
111,77212
112,74341
113,46662
114,74672
115,90736
116,44652
117,98936
118,59694
119,58263
120,67485
121,52748
122,56451
123,12608
124,19735
125,70131
126,29789
127,11158
128,39649
129,98421
130,95862
131,85237
132,86220
133,47700
134,10387
135,58791
136,24097
137,42404
138,33238
139,65497
140,79235
141,55713
142,63607
143,54134
144,64671
145,93933
146,94863
147,29566
148,68336
149,92956
150,53457
151,55331
152,41648
153,69851
154,54175
155,81449
156,43878
157,63984
158,10204
159,11572
160,84518
161,52777
162,29885
163,45302
164,29385
165,25264
166,82119
167,24729
168,77088
169,12911
170,71350
171,58257
172,18818
173,26590
174,31937
175,40035
176,41851
177,57520
178,80359
179,20528
180,20855
181,56406
182,61249
183,59431
184,68633
185,39440
186,83462
187,92511
188,12613
189,91746
190,19050
191,14984
192,49299
193,97270
194,38643
195,37929
196,29619
197,96409
198,21851
199,15915
200,42870
